<?xml version="1.0" encoding="UTF-8"?>
<beans xmlns="http://www.springframework.org/schema/beans" xmlns:xsi="http://www.w3.org/2001/XMLSchema-instance"
	xsi:schemaLocation="http://www.springframework.org/schema/beans http://www.springframework.org/schema/beans/spring-beans-4.0.xsd">

	<bean name="egovIdGnrService" class="egovframework.rte.fdl.idgnr.impl.EgovTableIdGnrServiceImpl" destroy-method="destroy">
		<property name="dataSource" ref="dataSource" />
		<property name="strategy" 	ref="mixPrefixSample" />
		<property name="blockSize" 	value="10"/>
		<property name="table"	   	value="IDS"/>
		<property name="tableName"	value="SAMPLE"/>
	</bean>
	<bean name="mixPrefixSample" class="egovframework.rte.fdl.idgnr.impl.strategy.EgovIdGnrStrategyImpl">
		<property name="prefix"   value="SAMPLE-" />
		<property name="cipers"   value="5" />
		<property name="fillChar" value="0" />
	</bean>	
	
<!-- 	<bean name="egovFileIdGnrService" class="egovframework.rte.fdl.idgnr.impl.EgovTableIdGnrServiceImpl" destroy-method="destroy">
        <property name="dataSource" ref="dataSource" />
        <property name="strategy"   ref="fileStrategy" />
        <property name="blockSize"  value="10"/>
        <property name="table"      value="COMTECOPSEQ"/>
        <property name="tableName"  value="FILE_ID"/>
    </bean>
    <bean name="fileStrategy" class="egovframework.rte.fdl.idgnr.impl.strategy.EgovIdGnrStrategyImpl">
        <property name="prefix"   value="FILE_" />
        <property name="cipers"   value="15" />
        <property name="fillChar" value="0" />
    </bean> -->
			
</beans>
