<?xml version="1.0" encoding="UTF-8"?>
<!DOCTYPE mapper PUBLIC "-//mybatis.org//DTD Mapper 3.0//EN" "http://mybatis.org/dtd/mybatis-3-mapper.dtd">
<mapper namespace="egovframework.example.board.service.impl.BoardMapper">

	<resultMap id="board" type="egovframework.example.board.service.BoardVO">
		<result property="idx" column="idx"/>
		<result property="title" column="title"/>
		<result property="contents" column="contents"/>
		<result property="writer" column="writer"/>
		<result property="writerNm" column="writerNm"/>
		<result property="indate" column="indate"/>
	</resultMap>

	<insert id="insertBoard" parameterType="boardVO">

			INSERT INTO TB_BOARD
				( IDX
				  , TITLE
				  , CONTENTS
				  , COUNT
				  , WRITER
				  , INDATE )
			VALUES ( G_BOARD_SEQ.NEXTVAL
				  , #{title,jdbcType=VARCHAR}
				  , #{contents,jdbcType=VARCHAR}
				  , 0
				  , #{writer,jdbcType=VARCHAR}
				  , sysdate )

	</insert>
	
	<select id="selectIdx" parameterType="boardVO" resultType="String">
			select max(idx) idx 
				from tb_board 
				where writer = #{writer}
	</select>

	<update id="updateBoard">

			UPDATE TB_BOARD
			SET TITLE=#{title,jdbcType=VARCHAR}
				, CONTENTS=#{contents,jdbcType=VARCHAR}
			WHERE IDX=#{idx,jdbcType=VARCHAR}
	</update>
	
	<update id="updateBoardCount">

			UPDATE TB_BOARD
			SET COUNT= COUNT+1
			WHERE IDX=#{idx,jdbcType=VARCHAR}
	</update>

	<delete id="deleteBoard">

			DELETE FROM TB_BOARD
			WHERE IDX=#{idx,jdbcType=VARCHAR}

	</delete>

	<select id="selectBoard" resultMap="board">

			SELECT
				 A.IDX as idx
				  , A.TITLE as title
				  , A.CONTENTS as contents
				  , A.COUNT as count
				  , A.WRITER as writer
				  , A.INDATE as indate
				  , B.USER_NAME as writerNm
				  , (SELECT X.FILENAME FROM TB_ATTACH X WHERE X.IDX = A.IDX AND X.SEQ = 1) as filename
			FROM TB_BOARD A, TB_USER B
			WHERE A.IDX=#{idx,jdbcType=VARCHAR} AND A.WRITER=B.USER_ID

	</select>

	<select id="selectBoardList" parameterType="boardVO" resultMap="board">
			SELECT *
			FROM(
			SELECT
			      rownum rnum
				   ,idx
				  , title
				  , contents
				  , count
				  , writer
				  , indate
				  , writerNm
				  , reply
				  , filename
			FROM 
                (SELECT
				  A.IDX as idx
				  , A.TITLE as title
				  , A.CONTENTS as contents
				  , NVL(A.COUNT,0) as count
				  , A.WRITER as writer
				  , A.INDATE as indate
				  , B.USER_NAME as writerNm
				  , (SELECT COUNT(*) FROM TB_REPLY X WHERE X.IDX = A.IDX) AS reply
				  , (SELECT X.FILENAME FROM TB_ATTACH X WHERE X.IDX = A.IDX) AS filename
				FROM TB_BOARD A, TB_USER B
				WHERE 1=1 AND A.WRITER=B.USER_ID(+)
				<if test="searchKeyword != null and searchKeyword != ''">
			        AND	(A.TITLE LIKE '%' || #{searchKeyword} || '%'
						OR	A.CONTENTS LIKE '%' || #{searchKeyword} || '%'
						)
				</if>
				ORDER BY A.IDX DESC
				))
			<![CDATA[ WHERE rnum>=#{firstIndex}+1 and rnum<#{lastIndex}+1]]>
			
	</select>

	<select id="selectBoardListTotCnt" parameterType="boardVO" resultType="int">

			SELECT COUNT(*) totcnt
			FROM TB_BOARD A
			WHERE 1=1
			<if test="searchKeyword != null and searchKeyword != ''">
		        AND	(A.TITLE LIKE '%' || #{searchKeyword} || '%'
					OR	A.CONTENTS LIKE '%' || #{searchKeyword} || '%'
					)
			</if>
	</select>
	
	<select id="selectLoginCheck" parameterType="boardVO" resultType="String">

			SELECT USER_NAME
			FROM TB_USER
			WHERE 1=1
			AND USER_ID = #{userId}
            AND	PASSWORD = #{password}
            
	</select>
	
	<insert id="insertReply" parameterType="boardVO">

			INSERT INTO TB_REPLY
				( IDX
				  , SEQ
				  , REPLY
				  , WRITER
				  , INDATE )
			VALUES ( #{idx,jdbcType=VARCHAR}
				  , (SELECT NVL((MAX(X.SEQ)+1),1) FROM TB_REPLY X WHERE X.IDX = #{idx,jdbcType=VARCHAR})
				  , #{reply,jdbcType=VARCHAR}
				  , #{writer,jdbcType=VARCHAR}
				  , sysdate )

	</insert>
	
	
	<select id="selectReplyList" parameterType="boardVO" resultMap="board">

			SELECT
				A.IDX as idx
				  , A.SEQ as seq
				  , A.REPLY as reply
				  , A.WRITER as writer
				  , A.INDATE as indate
			FROM TB_REPLY A
			WHERE 1=1 
			AND A.IDX = #{idx,jdbcType=VARCHAR}
			ORDER BY A.SEQ ASC
	</select>
	
	<insert id="insertAttach" parameterType="boardVO">

			INSERT INTO TB_ATTACH
				( IDX
				  , SEQ
				  , FILENAME
				  , WRITER
				  , INDATE )
			VALUES ( #{idx,jdbcType=VARCHAR}
				  , (SELECT NVL((MAX(X.SEQ)+1),1) FROM TB_REPLY X WHERE X.IDX = #{idx,jdbcType=VARCHAR})
				  , #{filename,jdbcType=VARCHAR}
				  , #{writer,jdbcType=VARCHAR}
				  , sysdate )

	</insert>
	
	<delete id="deleteAttach" parameterType="boardVO">

			DELETE FROM TB_ATTACH
			WHERE 1=1 
			AND A.IDX = #{idx,jdbcType=VARCHAR}

	</delete>
	
	<select id="selectAttach" parameterType="boardVO">

			SELECT
				  A.FILENAME as filename
			FROM TB_ATTACH A
			WHERE 1=1 
			AND A.IDX = #{idx,jdbcType=VARCHAR}
			AND A.SEQ = 1
	</select>
	
	<delete id="replydel" parameterType="boardVO">
	
			DELETE FROM TB_REPLY A
			WHERE 1=1 
			AND A.IDX = #{idx,jdbcType=VARCHAR}
			AND A.SEQ = #{seq,jdbcType=VARCHAR}
			
	</delete>
	
	<select id="reply_view" parameterType="boardVO" resultType="egovframework.example.board.service.BoardVO">
			SELECT * FROM TB_REPLY A
			WHERE 1=1
			AND A.IDX = #{idx,jdbcType=VARCHAR}
			AND A.SEQ = #{seq,jdbcType=VARCHAR}
	
	</select>
	

</mapper>